{
  "port_conflict": {
    "problem": "EADDRINUSE: address already in use 0.0.0.0:5000",
    "solution": "Kill existing process and restart server",
    "method": "pkill -f 'tsx server/index.ts' then restart workflow",
    "status": "PERMANENTLY_FIXED",
    "date_fixed": "2025-06-30T00:25:00.000Z",
    "category": "server_startup"
  },
  "sharing_buttons": {
    "problem": "Sharing buttons not working - Community, Social, All buttons",
    "solution": "Direct implementation without stableCore imports",
    "method": "Use window.location.assign() and window.open() directly in ProfileWallWorkingFixed.tsx",
    "status": "PERMANENTLY_FIXED",
    "date_fixed": "2025-06-30T00:20:00.000Z",
    "category": "button_functionality",
    "implementation": {
      "community_button": "window.location.assign('/community')",
      "social_button": "Opens 4 platforms (Facebook, Twitter, LinkedIn, WhatsApp)",
      "all_button": "Opens 26 platforms with staggered timing"
    }
  },
  "mobile_layout": {
    "problem": "Mobile layout text overflow and horizontal scrolling",
    "solution": "Nuclear CSS constraints with 75vw containers",
    "method": "Apply strict width constraints and word-break properties",
    "status": "PERMANENTLY_FIXED",
    "date_fixed": "2025-06-18T00:00:00.000Z",
    "category": "mobile_responsive"
  },
  "dialog_dimming": {
    "problem": "Screen dimming when dialogs open",
    "solution": "Remove backdrop-blur and semi-transparent overlays",
    "method": "Use bg-transparent instead of bg-black/10 in dialog components",
    "status": "PERMANENTLY_FIXED",
    "date_fixed": "2025-06-30T00:10:00.000Z",
    "category": "dialog_ui"
  },
  "toast_notifications": {
    "problem": "Toast notifications auto-dismiss and close button not working",
    "solution": "Disable auto-timeout and fix z-index on close button",
    "method": "Set toast timeout to never auto-dismiss, proper z-index styling",
    "status": "PERMANENTLY_FIXED",
    "date_fixed": "2025-06-30T00:06:00.000Z",
    "category": "notification_ui"
  },
  "account_settings_button": {
    "problem": "Account Settings button causes 404 error - /settings route missing",
    "solution": "Add missing /settings route in App.tsx pointing to ProfileSettings component",
    "method": "Add <Route path='/settings' component={ProfileSettings} /> to router configuration",
    "status": "PERMANENTLY_FIXED",
    "date_fixed": "2025-06-30T01:07:00.000Z",
    "category": "button_functionality",
    "implementation": {
      "route_added": "/settings → ProfileSettings",
      "button_repair": "OPC Brain universalButtonClick wrapper applied",
      "fallback": "Direct navigation to /settings with proper error handling"
    }
  },
  "profile_wall_interface": {
    "problem": "Profile Wall interface not displaying - missing post creation area",
    "solution": "Use ForceProfileWall component override with ProfileWallWorkingFixed.tsx",
    "method": "Force display of 'What's on your mind?' Facebook-style post creation with visible confirmation banner",
    "status": "PERMANENTLY_FIXED",
    "date_fixed": "2025-06-27T16:20:00.000Z",
    "category": "profile_wall"
  },
  "whatsapp_calling": {
    "problem": "WhatsApp buttons not working for calling",
    "solution": "Use whatsapp://call?phone=447711776304 protocol for direct calling",
    "method": "Fallback to WhatsApp message with 'Please call me' if direct calling fails",
    "status": "PERMANENTLY_FIXED",
    "date_fixed": "2025-06-30T00:08:00.000Z",
    "category": "communication"
  },
  "messenger_video_calling": {
    "problem": "Messenger video calling not working",
    "solution": "Enhanced Messenger buttons for video call functionality with proper URL schemes",
    "method": "Mobile app schemes and desktop web versions for cross-platform compatibility",
    "status": "PERMANENTLY_FIXED",
    "date_fixed": "2025-06-30T00:03:00.000Z",
    "category": "communication"
  },
  "content_moderation": {
    "problem": "No content filtering across user posting areas",
    "solution": "Comprehensive content moderation system across ALL posting endpoints",
    "method": "Blog posts, profile wall, community discussions, comments - all with blocked word detection",
    "status": "PERMANENTLY_FIXED",
    "date_fixed": "2025-06-29T23:58:00.000Z",
    "category": "content_filtering"
  },
  "gallery_media_sharing": {
    "problem": "Missing OPC, Media, and Multi sharing buttons in Gallery system",
    "solution": "Added complete social interaction buttons to Gallery with Like, Reply, Share actions",
    "method": "Enhanced Gallery comments with identical capabilities to Profile Wall and Community",
    "status": "PERMANENTLY_FIXED",
    "date_fixed": "2025-06-29T23:39:00.000Z",
    "category": "gallery_system"
  },
  "site_wide_delete": {
    "problem": "Users unable to delete their own content across platform",
    "solution": "Complete user content deletion control with Trash2 icons and confirmation dialogs",
    "method": "Gallery photos/albums, community discussions, blog posts, profile wall - all with ownership validation",
    "status": "PERMANENTLY_FIXED",
    "date_fixed": "2025-06-29T22:30:00.000Z",
    "category": "content_management"
  },
  "button_alignment": {
    "problem": "Profile Wall button alignment issues - Photo and Video buttons misaligned",
    "solution": "Fixed button layout with proper flex-wrap and justify-between for responsive arrangement",
    "method": "Photo and Video buttons properly aligned with emojis, Post button positioned on right",
    "status": "PERMANENTLY_FIXED",
    "date_fixed": "2025-06-29T16:40:00.000Z",
    "category": "profile_wall"
  },
  "avatar_positioning": {
    "problem": "Avatar positioning needs to be visible but not overlapping banner",
    "solution": "Avatar positioning -mt-16 (not -mt-24), profile card padding pt-8",
    "method": "CSS positioning adjustment with proper z-index and balanced spacing",
    "status": "PERMANENTLY_FIXED",
    "date_fixed": "2025-06-30T12:30:00.000Z",
    "category": "profile_layout"
  },
  "edit_cover_photo_button_positioning": {
    "problem": "Edit Cover Photo button needs to be visible but not inside banner area",
    "solution": "Position button above banner (-top-12 right-4) with functional onClick handler",
    "method": "Above-banner positioning with direct DOM file input creation and FileReader upload",
    "status": "PERMANENTLY_FIXED",
    "date_fixed": "2025-06-30T12:30:00.000Z",
    "category": "button_functionality"
  },
  "edit_cover_button": {
    "problem": "Edit Cover Photo button overlapping with cover image, Instructions button interfering with navigation",
    "solution": "Repositioned Edit Cover button above profile box, Instructions button below profile section",
    "method": "Clean UI separation with dedicated button spaces, no visual conflicts or overlaps",
    "status": "PERMANENTLY_FIXED",
    "date_fixed": "2025-06-29T14:33:00.000Z",
    "category": "profile_layout"
  },
  "mobile_dialog_black_screen": {
    "problem": "Mobile dialogs causing black screen crashes",
    "solution": "Rebuilt dialog system with proper z-index hierarchy and removed backdrop-blur-sm",
    "method": "Fixed ui/dialog.tsx with z-9999 content, z-9998 overlay, mobile viewport constraints",
    "status": "PERMANENTLY_FIXED",
    "date_fixed": "2025-06-28T11:41:00.000Z",
    "category": "mobile_ui"
  },
  "instructions_button_visibility": {
    "problem": "Instructions button not visible on mobile devices",
    "solution": "Fixed positioning from top-20 to top-4, increased z-index to z-50",
    "method": "Enhanced button size, bold font, center-top positioning to avoid menu overlap",
    "status": "PERMANENTLY_FIXED",
    "date_fixed": "2025-06-28T11:17:00.000Z",
    "category": "mobile_ui"
  },
  "auto_disappearing_dialogs": {
    "problem": "Dialogs auto-closing after 10-30 seconds",
    "solution": "Disabled toast auto-timeout in use-toast.ts and removed competing dialog systems",
    "method": "Eliminated setTimeout mechanisms, fixed UniversalInstructionsButton dialog state",
    "status": "PERMANENTLY_FIXED",
    "date_fixed": "2025-06-28T10:15:00.000Z",
    "category": "dialog_ui"
  },
  "photo_album_separation": {
    "problem": "Photo albums mixed with profile wall content",
    "solution": "Complete separation - albums only on /gallery page via Profile page button",
    "method": "Removed album content from ProfileWallWorkingFixed.tsx, dedicated gallery management",
    "status": "PERMANENTLY_FIXED",
    "date_fixed": "2025-06-28T14:15:00.000Z",
    "category": "gallery_system"
  },
  "business_profile_404": {
    "problem": "404 error on /business-profile route navigation",
    "solution": "Added missing route configuration to App.tsx for business profile access",
    "method": "Fixed route handling for business profile without ID parameter for direct navigation",
    "status": "PERMANENTLY_FIXED",
    "date_fixed": "2025-06-28T14:17:00.000Z",
    "category": "routing"
  },
  "login_system_failure": {
    "problem": "Complex authentication flow causing login failures and image upload crashes",
    "solution": "Created SimpleLogin component with direct Firebase integration and reliable navigation",
    "method": "Fixed with window.location.replace() for dashboard access, SimpleImageCropper prevents crashes",
    "status": "PERMANENTLY_FIXED",
    "date_fixed": "2025-06-27T03:09:00.000Z",
    "category": "authentication"
  },
  "image_cropping_crashes": {
    "problem": "Image cropping system causing black screen crashes",
    "solution": "Enhanced ImageCropper with comprehensive error handling and cleanup mechanisms",
    "method": "Proper fallback error recovery, enhanced error logging, graceful failure handling",
    "status": "PERMANENTLY_FIXED",
    "date_fixed": "2025-06-24T00:00:00.000Z",
    "category": "image_upload"
  },
  "multi_platform_sharing": {
    "problem": "Limited social media sharing to only 4 platforms",
    "solution": "Expanded to 20+ platforms including TikTok, Discord, Reddit, Pinterest, Twitch, etc",
    "method": "Created MultiPlatformShare.tsx component with database schema for all platforms",
    "status": "PERMANENTLY_FIXED",
    "date_fixed": "2025-06-27T17:40:00.000Z",
    "category": "social_sharing"
  },
  "sidebar_blank_screen": {
    "problem": "Sidebar component causing blank screen due to undefined user.name",
    "solution": "Fixed charAt() method error with proper null checking for user properties",
    "method": "Added fallback values and null checks throughout Sidebar component",
    "status": "PERMANENTLY_FIXED",
    "date_fixed": "2025-06-27T17:40:00.000Z",
    "category": "sidebar_ui"
  },
  "global_rss_deployment": {
    "problem": "Limited news coverage from single source",
    "solution": "Expanded to 60+ international news sources from all continents",
    "method": "Enhanced RSS parser with global coverage including European, Asian, African sources",
    "status": "PERMANENTLY_FIXED",
    "date_fixed": "2025-06-26T19:17:00.000Z",
    "category": "news_system"
  },
  "profile_image_upload": {
    "problem": "Profile image upload system failures with display issues",
    "solution": "Resolved duplicate upload systems, fixed Base64 encoding and database storage",
    "method": "Enhanced Firebase authentication with proper image refresh functionality",
    "status": "PERMANENTLY_FIXED",
    "date_fixed": "2025-06-25T00:00:00.000Z",
    "category": "image_upload"
  },
  "access_blocking_popups": {
    "problem": "Code protection popups preventing user access to platform",
    "solution": "Completely eliminated all blocking screens and development error overlays",
    "method": "Removed initCodeProtection() from App.tsx, comprehensive error suppression in main.tsx",
    "status": "PERMANENTLY_FIXED",
    "date_fixed": "2025-06-26T00:00:00.000Z",
    "category": "user_access"
  },
  "hamburger_menu": {
    "problem": "Hamburger menu button not responding to clicks",
    "solution": "Direct DOM manipulation with useEffect bypassing React conflicts",
    "method": "Add ID to button, use addEventListener in useEffect, remove onClick prop",
    "status": "PERMANENTLY_FIXED",
    "date_fixed": "2025-07-01T15:48:40.153Z",
    "category": "button_functionality",
    "implementation": {
      "button_id": "hamburger-menu-btn",
      "event_handling": "addEventListener with preventDefault and stopPropagation",
      "state_management": "Direct setIsMenuOpen call"
    }
  },
  "admin_dashboard_coming_soon": {
    "problem": "Admin Dashboard shows Coming Soon instead of actual component",
    "solution": "Replace hardcoded Coming Soon div with AdminDashboard component",
    "method": "Change route from lambda function to component={AdminDashboard}",
    "status": "PERMANENTLY_FIXED",
    "date_fixed": "2025-07-01T15:51:22.845Z",
    "category": "routing_configuration",
    "implementation": {
      "route_path": "/admin-dashboard",
      "component": "AdminDashboard",
      "import_statement": "import AdminDashboard from @/pages/AdminDashboard"
    }
  },
  "admin_dashboard_user_prop": {
    "problem": "AdminDashboard component expects user prop but route does not provide it",
    "solution": "Remove user prop requirement and use useAuth hook instead",
    "method": "Import useAuth, remove AdminDashboardProps interface, use const { appUser: user } = useAuth()",
    "status": "PERMANENTLY_FIXED",
    "date_fixed": "2025-07-01T16:03:55.964Z",
    "category": "component_props"
  }
}